{"compare_totals":{"cold_precision_pct":26,"cold_total_ms":221,"cold_total_tokens":185130,"mneme_precision_pct":0,"mneme_total_ms":62,"mneme_total_tokens":18008},"first_build":{"cold_ms":4970,"edges":26708,"files_indexed":359,"nodes":11417,"warm_ms":5557},"incremental":{"max_ms":2,"mean_ms":0,"p50_ms":0,"p95_ms":0,"samples":100},"recall":{"hits":2,"precision_at_10_pct":10,"queries":10,"total_expected":19},"repo":"repo","token_reduction":{"cold_total_tokens":324937,"mean_ratio":1.338357678654725,"mneme_total_tokens":101739,"p50_ratio":1.5187009605573343,"p95_ratio":3.541826717883056,"queries":10,"ratios":[0.0,2.826996609191256,0.0,1.6563346373758652,1.5187009605573343,0.0,0.0,3.541826717883056,0.708783204798629,3.1309346567411085]},"viz_scale":{"bytes_per_edge":463,"bytes_per_node":1083,"edges":26708,"graph_db_bytes":12365824,"nodes":11417}}
